Year,TOYOTA,HOLDEN,FORD,MITSUBISHI,NISSAN,MAZDA,HYUNDAI,HONDA,SUBARU,SUZUKI,BMW,KIA,VOLKSWAGEN,MERCEDES-BENZ,HOMEMADE,JEEP,UNKNOWN MAKE ADVISE,DAEWOO,AUDI,YAMAHA,DAIHATSU,JAYCO,LANDROVER,ISUZU,PEUGEOT,HARLEYDAVIDSON,KAWASAKI,REDCO,VOLVO,LEXUS,PROTON,RENAULT,CHRYSLER,DUNBIER,SPECIAL TRAILERS,GREAT WALL,MINI,TRIUMPH,HINO,CITROEN,SAAB,TRAILERS 2000,GOLD COAST TRAILERS,OCEANIC,VISCOUNT,COROMAL,ALFA ROMEO,DODGE,JAGUAR,SSANGYONG,KTM,PORSCHE,TELWATER,BELCO,NATHAN,PBL,MILLARD,FIAT,BROOKER,DUCATI,CARAVAN,SWIFTCO,WINDSOR,TINKA,JUST TRAILERS,A'VAN,HYOSUNG,RUHLE TRAILERS,KENWORTH,INTERNATIONAL,CHEVROLET,IVECO,CATERPILLAR,KYMCO MOTOR CYCLES,PIAGGIO,APRILIA,SKODA,MACK,TAIWAN GOLDEN BEE,MISC,CUB,JOHNDEERE,ECONOMY,HAULMARK,SANG YANG INDUSTRIES,AUSTRAILERS,MG,ROVER,ROADSTAR,GOLF CARAVANS,HANS WELDING,DATSUN,CHERY,BOLWELL/PGO,WADE,EASYTOW TRAILERS,MARKET DIRECT,ASPINALL,UNKNOWN,HUSQVARNA,SMARTCAR,VMOTO,CASE,SUNSHINE COAST,REGENT CARAVAN,FRANKLIN,OLYMPIC,FREIGHTER,MACKAY TRAILERS,KARAKAR,WESTERN STAR,VESPA,QUINTREX,AUSTRALIAN TRAILERS,VICTORIAN,HUMMER,TUZA INDUSTRIES,AUSMARINE,FREIGHTLINER,CLUB CAR,GOLDSTREAM,DUNBAR,MAXITRANS,CHESNEY,SUPREME,MAXI,MAYFAIRS,KUBOTA,LIFESTYLE,STACER,ROSWAL,LEYLAND,EUNOS,CASTAWAY,PARAMOUNT,OPAL,SWIFT,BOLWELL SYM,SCANIA,MASSEY FERGUSON,CUSTOMLINE,TRAILERWORLD,BUELL,CUSTOM BUILT,MARKET DIRECT CAMPER,TRACKABOUT,ALL BOAT TRAILERS,ROMA,TRAILERS DIRECT,BOEING,TRAVELLER,GALAXY,HANS TRAILERS,NEW HOLLAND,MAJESTIC,E-Z-GO,KEDRON CARAVANS,BEST TRAILERS,COMPASS,VAWDREY AUST. P/L,PHOENIX,MOTO GUZZI,CAMEL GROUP,GAZAL,REGAL,BEEJAY,LOTUS,KIMBERLEY KAMPERS,STESSCO,KOALA,RM TRAILERS,PRIDE,CLASSIC,ROADMASTER,YORK,HANDI,MORRIS,GIC,KARAVAN,FRUEHAUF,TOP TRAILERS,FRANNA,STERLING,BUG,JOHNNOS AUST P/L,KOMATSU,MTS,OPHEE,FUSO,AUSSIE SWAG,"AUSTKO (KP FABRICAT),FELK",MAHINDRA,ROBINA TRAILERS,ADLY,HERCULES,KRUEGER,ODESSI,BOLWELL,MOORE,LACEY'S TRAILERS,WESTBROOK ENGINEER,CAMPOMATIC,FERRARI,VICTORY,PROLINE,HUSABERG,BRISBANE JET SKIS,SHOPRIDER,BRP INDUSTRIES,MARINE TRAILER SPARE,CF MOTO,TATA,BENTLEY,DRAKE,MODERN,SHEPHARD,AUS BOAT WATER CRAFT,UNEEDA,CAVALIER YCHTS & TRL,JCB,OUTBACK,FMS TRAILERS,WARPAC,EVERNEW,RANGE,MAN,MARLIN,CRUSADER,JIAJUE,CAPE YORK,INFINITI,SEA LINK,COLEMAN,FOUR SEASONS,SEAT,SOUTHERN CROSS,TOWPAX,MCGRATH,DAF,BARKER,ROYAL FLAIR,NEW AGE,BEDFORD,OPEL,RETREAT,KADK ENTERPRISES,TRAILER AUSTRALIA,CUSTOM,DINGO,TYMEYRE,MACRO,MASERATI,UNIQUE,MV AGUSTA,ASTON MARTIN,CUSTOM CRAFT,PONTIAC,KELTO P/L,TRAILERS HERE,PACIFIC,HYSTER,GMC,BUDGET,LUSTY EMS,MACKAY,LUSTY ALLISON,SPACELAND,FIBREGLASS T/PORT EQ,TREK TRAILERS,MBK,TALVOR,ROLLSROYCE,DOUGLAS,IMPERIAL,TAYLOR,JAWA,JURGENS,VERMEER,ADVANCE,SAFETY LAUNCH,G&S TRAILERS,LITTLE BULLDOG,ROYAL,TRAILER FACTORY,CUSTOM TRAILER,ADRIA,ALBO MARINE,SUNLAND,ROBERTSON FABRICATIO,SALES,ASIA,TUFF TRAILERS,DAVCAR,FOTON,EZ LOADER,AUST OFF ROAD CAMPER,TRAYMARK,J SMITH & SONS,CHAMBERLAIN,AUNGER,K CUPITT ENGINEER,BOBCAT,BRIS AXLE/TRLR COMPO,PAGSTA,DAELIM,LEEDA,MONARCH,EZY TRAIL,ROYAL ENFIELD,EZY-TOW,BUSHTRACKER,SEATRAIL,SUNWAGON,CADILLAC,FLIP N EASY,CTM,GOLDEN EAGLE,HANS STEEL,CAGIVA,WHOLESALE,DREAMHAVEN,PEKI ARMACOAT,LEISURE MATTERS,BILLABONG,AUSSIE A1 TRAILERS,THE TRAILER SHOP,MONTANA,MARIO TRAILERS,LIBERTY,CROWN,JOHN PAPAS TRAILERS,SACHS,AUSTIN,MARIO PTY LTD,HITACHI,STANDARD,BENZHOU,FOUR WINNS,GREENWOOD,TORO,MAXI-CUBE,TIEMAN,JINHUA,INDIAN,BOROMA CARAVAN,AMAK TRAILERS,TRAVELLING TRAILERS,YANMAR,TAIPAN CAMPERTRAILER,UD,LAMBORGHINI,DYNAPAC,STESCO,ALLSTAR METAL FAB,BARTEL TRAILERS,HOOKED ON TRAILERS,BENELLI,TRAILORAMA,FYM,BYRNE TRAILERS P/L,ATA TRAILERS,OZ WIDE TRAILERS,LONG CHIH,M J TRAILERS,OZZIE OFF-ROAD,TRAILCRAFT,TRACER,INVACARE,CAR TRAILER BY CHRIS,PACIFIC TRAILERS,BARTEL SPRINGS,LONGJIA,SWAG CAMPER TRAILERS,MARS,HYDROHIKER,KOBELCO,AUSSIE TOUGH TRAILER,POSITIVE QUALITY TRA,CAMPTIME,TOLEDO,RANGER,REYNOLDS,SWAN,TRAILER TECH,GAZELLE,BREEZE,AZMEB,GLEN SMITH,HOLMWOOD,COASTER BOAT CO,NANDOR,ESCORT,QUALITY CUSTOM TRLRS,HERVEY BAY TRAILERS,"HAMELEX (VIC),DENFIL PTY LTD",CUPITTS TRAILERS,TERRY'S TRAILERS,WANGYE,LDV,SUNCOAST,TRISTAR,NO RUST TRAILERS,WESCO,ROADWEST TRANS EQUIP,ROBUST CAMPERS,TRAILAVAN,BARACUDA,MAYFAIR MARINE,HOLMEWOOD,DAIMLER,GALLINE,SHARPWELDING,HOCKNEY,CONCEPT,CONCEPT CARAVANS,ABOUT FABRICATIONS,CASTAWAY CAMPERS,R.T.L. TRAILERS,RESORT,FRASER COAST TRAILER,EAST BUNDABERG ENGIN,BUSHMAN,WHITE,MACOL,POLARIS,ERBACHER,BAILEY,VICTORIA,CREATIVE,TITAN,HUNTER,ELITE,CARLEX,EMPIRE,MARSHALL,AUSTOFT,CAPRICORN,J&P TRAILERS,RONGCHENG,FREEDOM,BUICK,ULTIMATE,CAMPER TRAILER,GLENDALE,"HAMLEX WHITE (NSW),LUCAR",OPALITE,DIRKS CAMPER TRAILER,TCM,AUSSIE,TRAILERWORX,LDK,LITE HAUL,BRAZIER,SPACELINE,AVAN CAMPERS,CLARK,IDEAL,ABL A BETTER LIFESTY,VH & MG IMPORTS,TREKKA,ROAD KING,RUCON,SHIBAURA,ZONGSHEN,GEIST,TMC,CORONET,GILERA,AUSTRALIAS MANUFACTU,KINGDOM CARAVANS,ATB TRAILER,CAIRNS TRAILERS,ASSURED ENTERPRISES,TRAILER," REPAIRS &,SYDNEY",KARAVANE,AUSTRALIAN RV TRLRS,VACATION CAMPERS,GREENWOOD SALES,WEEKENDER,STATESMAN,TRAILER CITY,LINTON,DELUXE,CABANA,TAYLOR'S TRAILERS,TILTA TRAILERS,ENDEAVOUR FOUNDATION,BLUE SKY,WRITCO,CRUISE,AMAZON TRAILERS,SCENIC,AUSTRAL,CURRUMBIN TINNIES,JR EASY TRAVELLER,HALLMARK,REAL-EZY,EAGLE,JIANSHE,LOADSTAR TRAILERS,COACHMAN,INVADER,AFM,SWAGMAN,EZY BAK,SWEET AZ,ECAR,KEEWAY,VANGUARD,AUTOFIT,POLMAC TRAILERS,RM,BROADWATER TRAILERS,DRYDEN,DENNING,GAS GAS,BUENO,CANNON TRAILERS,ARQIN,CIMC AUSTRALIA,PRATTLINE,JIMBOOMBA TRAILERS A,JIMBOOMBA CAMPER,AVAN,CARAC TRAILERS,BAYSIDE TRAILERS,MAGIC TILT,ALMAC TRAILERS,MIDWEST,O'MARA'S TRAILERS,INGERSOLL-RAND,JOHNNOS CAMPER TRAIL,TRAILER COUNTRY,PINNACLE,LAVISTA,MATES RATES TOOLS,LOADMASTER,ROD'S ENGINEERING,EMPRESS CARAVANS,FUTURE SYSTEM,HUANSONG,UNIVERSAL,MANITOU,COMPAIR,TEFCO,LADA,WESTERN HI-WAY,OPTION RV,LAIDLEY,JLG INDUSTRIES,SUNSHINE,MAK P/L,EUROPE TRAILERS,ELDDIS,MONGREL,BOAT MATE,J THOMAS & SON,PIONEER,GREAT WESTERN TRLS,JINHUA YONGQIANG,GOLD COASTER,TOWRITE QLD,ONTRAC TRAILERS,BRISBANE A1 TRAILERS,WATERCRAFT,SCAPHA FABRICATIONS,MAXIM,HILLCREST,B&M TRAILERS,RED HOT CAMPERS,BILLS TRAILERS,COMPASS CARAVAN,AUSTRALIA PACIFIC TR,ATLAS,TOPAGEE,TRAIL CRAFT,SMITH & SONS,CASTLE CAMPERS,ACT,PREMIER,STONEY CREEK POWER,BCI,SMAN,NOBLE,CITY TRAILERS,SILVERWOOD,TRACK TRAILER,TRAC-WELL,GT WESTERN,EXISS,EZI KAMPER,FOREST RIVER INC,ISEKI,TASMITH,PGO,AUSTIN HEALEY,ECO TOURER,TRAILIT,HOLIDAY,BSA,WILLYS,TRAVELHOME,LOUGHLIN,MUSTANG,FERGUSON,ACE,BOOKER,CRIMSON STEEL,TAIWAN GOLDEN BEE CO,NOVA CARAVANS,MERITS,KESSNER,DRIFTAWAY,EZY GO,CENTURY CAMPER TRAIL,SUNSTATE,TOP GUN,NORTON,FREIGHTMASTER,KINLON,BETTER TRAILERS,TADANO,CANAM,AMERICAN STEERING,NORTHSIDE TRAILERS,J&G TRAILERS,ISLAND STAR,AFIKIM,BILBY,AUSTRACK CAMPER,YALE,JMM PRODUCTS P/L,KEBAR MANUFACTURING,SNORKEL,VOYAGER,TOMBERLIN,PLYMOUTH,CONQUEROR,SAME,STOODLEY,HR & KG THOMAS P/L,BOMAG,AMMANN,SAMS,SMIFF INDUSTRIES,STESSL,HAMMAR,SUNLANDER,KING,JADEN,AVANTI,OZ TRIKES,ANYBODY COMMERCIAL,BANDIT,COASTER TRAILERS,FOREST RIVER,EASTCOAST PERFORMANC,DENRICK TRAILERS,FALCON,AAA ENGINEERING,VK INDUSTRIES,RHINO TRAILERS,MCNEILL,MOTO X,VAUXHALL,MODERN TRANSPORT,D'AGUILAR TRLR RPRS,ALA FABRICATIONS,CHANDLER,LIEBHERR,KINGS FLOATS,BORCAT EQUIPMENT,BUSTECH,SANDGATE CUSTOM TRAI,LEADER,MAJOR TRAILER PTY,OUTRANGER,HEAVY DUTY TRAILERS,DELTA TRAILERS,JB CARAVANS,STONEY CREEK,KATO,AVONDALE,ALLRIGHT TRAILERS,STEELBRO,STUDEBAKER,MACGREGOR,FLEETWOOD,HYDRO MARINE,EUREKA,GENIE,NORTH COAST CAMPERS,LARO-DADYW,TOPSTART,JS TRAILERS,DETOUR CAMPER,OBRIEN,MONARK,EASY TRAILER,SUMITOMO,QINGQI,NOVA,NUMA,E&Z TRADING,GIGA SIGNS,ADVENTURER,VICTRAILERS,THOMAS PTY LTD,MACKAY MULTI-LINK,DERBI,CHALET,DEUTZ,GHC,CROSSROAD CRUISER,NORTH COAST TRAILERS,HEARTWAY,C-STEEL,B MOBILE,DEAN,TOFT,PEAK ENGINEERING,JINAN,ARROW,MARYBOROUGH,JAY1 ENTERPRISES,EMU CAMPER TRAILERS,WHITLEYS,MULTI LINK,MCCORMICK,MOFFETT,RHON,LINCOLN,K W KUHN,BAXTER,DAEDONG,ADVENTURE RV,TRAIL BLAZER,ECOMATE,SWIFT GROUP,TEREX,RAMBLER,OX TRAILERS & STEEL,ALFA TRAILERS,TAKEUCHI,X-CEL TRAILERS,MADISON,INVALID CHAIR,GYMPIE TRAILERS,CAMECO,SOMMET,VENTER,PRICE,GETAWAY,HER CHEE,SWT TRAILERS,TOWTEL TRAILERS,TRAK SHAK,ORION,KAMPAROO,BLUE MOUNTAIN TRAILE,AUSTRACK,A&D ENGINEERING,TELECOM,TRACK,NEWLANDS,LOVELLS,NORTH COAST ENGINERI,EASY TRAVELLER,HILLMAN,EXTREME,HUNTER TRAILERS,AUSSIE CAMPERS,WEHLS,PETER CHANDLER,OTTO TUZAS VIP FLOAT,MARIO,MANGROVE JACK,PANTHER,BADGA,AUSTKO,SATURN,OLDSMOBILE,NOMAD,GODDE,SAHARA TRAILERS,TRAILERS OF TOOWOOMB,VALIANT,NIFTY LIFT,POLYMATE,KIMBER TRAILERS,EASY,JONES,BEEL WELDING & FAB,SHEET METAL,VENTURE,KALJEM TRAILERS,KANGA,RHINO,JACKSON TSPORT BODY,AUST DISCOUNT TRAILE,SUPERIOR,SYDNEY CITY TRAILERS,MAYFAIR MARINE 2000,LAWNTON,IVAN CAMPERS,GREENWOOD SALES PTY,KEVLACAT,GIRLOCK,STEED,MIGHTY,RANCH,JIMBOOMBA TRAILERS,CHASSIS LINE,KEYSTONE RV,AUSTRALIERS,BULLDOG,FAIRPLAY,DAVIDBROWN,MOLCO,DIAMOND,COLRON INDUSTRIES,LITE RV'S P/L,MEIDUO,KOKODA,PANTON,ALMAC,BARRA REEF,BILOELA TOOLS & BEAR,MARS CAMPERS,KOCKUMS,RIX TRAILERS,COMPLETE CAMPSITE,WHITE-HIGER,TUNCURRY,ROADRUNNER,AUSWIDE,CAT HAULER,3D FABRICATIONS P/L,STAR VISION,SAVAGE,SOUTHCOAST,REPCO TRAILERS,OYSTERMEYER,HAMLEX WHITE,CAIRNS CUSTOM CRAFT,STOCKMAN PRODUCTS,TAGALONG TRAILERS,NBC WELDING,PARADISE,ALUMINIUM TRAILERS,CAMERON CANVAS,MILLENNIUM,MULTIPAC,PALOMINO,MORBARK,MCA,RILEY,GOLF,GROVE,FUTURA,TRIGG BROS P/L,TUNGSTEN,TOUGH COUNTRY OFF/RD,SLOANBUILT,RAH TRAILERS,RIPPEN TRAILERS,BERNARD & MARIE,VICKERS,TRAILER MADE,TESLA,REGENCY,G&C MANUFACTURING,HDK,CAPRICE,"ALCAN (TRAILERS),YIYANG",OFFROAD TRAILERS,POSI-TRACK,JST TRAILERS,CHALLENGE,HIGHLANDER,HUMBER,COBRA,ARMADILLO,MARKS TRAILERS,PAKENHAM TRAILERS,LONGHORN,LINMAC,GRAND CRUISER,K P FABRICATIONS,CARASEL TRAILERS P/L,CONVAIR,BLUEFIN,SHORELANDER,TJ WELDING,SULLAIR,TRAILER GUYS,LEGACY,EXPLORER,HUSTLER,CENTURY,BETA,"TECH ROAD MANUFACT.,SAFARI",MOFFAT MOUNTY,ATLANTIC,AAA TRAILERS,TRICKEY TRAILERS,PAPAS,NOBBYS MOBILE WELD,PEDIGREE,QIAN JIANG,PANTON HILL WELDING,FORDSON,ABBEY,BLUE TONGUE,TREG TRAILERS P/L,TRS,MATCHLESS,LOAD RITE,ENDEAVOUR,FOXY TRAILERS,AUST MASTERS MARINE,BEAVER TSV,BON-TRIKE,BARRA,BJ WELDING WORKS,VOYKA TRAILERS,SAILFISH,LOTUS BLAKE
2007,147948,148980,124245,70816,52580,36671,36307,26851,17176,14472,11825,10419,5652,10543,9448,4891,9564,10774,2657,5362,8392,3279,4491,2704,3085,2659,3156,3765,3604,1942,2476,1265,2185,1317,1825,0,783,994,1523,931,1785,901,593,427,1257,836,959,198,1008,527,668,841,284,763,627,480,890,240,662,421,1053,392,519,741,378,388,241,453,527,810,348,277,246,105,180,247,1,421,333,500,273,235,102,432,0,41,329,513,221,286,131,667,0,493,337,203,0,185,242,141,136,378,267,208,193,166,150,309,196,140,171,70,58,118,78,14,94,0,169,245,129,72,155,208,54,238,99,84,42,54,138,240,313,139,77,115,85,0,137,153,74,85,168,52,0,90,49,124,0,79,84,60,24,48,51,38,84,81,81,54,114,107,82,106,96,116,28,70,6,92,93,51,75,107,109,102,123,0,31,135,3,63,45,211,45,77,90,136,3,70,104,51,4,42,153,52,53,9,1,35,66,83,86,52,22,113,35,114,41,0,52,0,72,48,54,48,66,73,76,79,71,72,54,36,65,177,60,39,2,1,47,0,20,70,49,142,25,49,77,49,29,32,0,112,5,0,45,33,15,37,16,29,30,10,46,21,45,47,22,43,46,49,41,7,36,17,54,30,12,54,0,0,60,45,30,25,33,4,24,39,54,32,48,43,50,33,2,18,20,14,23,77,38,28,0,26,13,6,12,97,23,36,12,31,23,10,48,33,0,11,16,24,0,51,45,13,21,21,0,66,6,22,14,0,6,0,12,2,5,7,7,15,28,45,4,19,39,0,41,0,13,52,26,23,0,43,0,15,26,5,2,21,29,18,0,4,0,4,28,0,15,18,0,7,2,3,17,23,11,17,13,31,0,0,0,26,23,0,0,0,15,6,20,29,32,21,17,12,0,14,28,18,25,14,9,32,0,14,35,3,0,12,12,0,16,19,21,20,1,7,33,34,2,18,19,3,2,0,32,18,26,25,15,19,30,17,7,6,0,12,3,13,0,1,1,14,16,40,19,15,0,26,16,9,11,23,19,23,0,29,20,11,15,13,0,16,28,14,15,6,0,0,23,0,23,17,2,13,13,21,16,5,0,14,16,5,16,8,13,21,0,0,6,17,0,1,15,29,7,1,0,0,7,10,19,19,22,22,14,24,6,12,33,13,13,7,8,1,24,19,0,27,0,13,18,0,0,15,20,10,13,10,2,0,17,0,0,0,7,7,2,4,3,0,5,15,11,0,0,0,21,12,17,13,0,8,8,5,9,41,10,0,3,3,12,12,3,0,0,1,5,9,5,0,13,11,2,0,0,13,0,6,4,0,9,14,0,13,12,10,24,0,10,6,29,0,21,10,2,5,7,6,3,0,12,1,9,7,0,15,11,17,9,22,12,10,6,9,20,1,13,20,0,0,3,10,15,8,0,8,9,12,9,5,4,7,1,9,0,4,10,0,0,0,5,0,0,9,4,1,9,1,18,7,25,5,1,9,3,11,15,16,7,13,2,7,4,12,6,11,0,19,18,1,10,0,4,1,5,2,9,7,12,2,0,18,0,14,19,14,0,0,6,0,0,12,5,0,10,6,4,2,7,2,4,4,0,4,0,6,11,10,3,13,0,1,11,0,0,8,2,7,0,10,10,8,0,1,9,0,2,1,11,9,5,0,2,7,0,0,5,5,7,4,0,5,14,11,4,2,6,0,0,1,7,2,0,2,0,3,7,5,6,3,3,2,2,0,0,13,5,9,9,2,0,0,9,2,7,0,6,7,11,2,0,0,4,10,3,0,0,5,0,5,4,9,2,0,0,2,6,0,0,5,2,4,11,0,0,0,8,0,3,0,1,0,0,11,0,0,9,4,0,8,2,0,1,7,0,1,1,5,8,7,0,0,0,0,5,4,5,12,0,13,7,0,0,2,0,0,6,4,0,1,4,6,15,2,6,0,8,6,0,0,4,3,3,0,5,6,6,0,6,10,2,5,5,2,0,0,2,4,0,0,4,1,0,9,11,0,1,5,1,4,5,3,7,0,2,2,1,4,3,7,1,12,1,5,5,0,0,0,5,0,0,10,18,4,2,0,1,5,1,0,3,0,3,11,1,0,3,3,5,1,0,0,0,0,5
2008,142147,140069,114370,67376,49489,35839,34756,26411,16138,15148,11271,10475,5876,9730,9839,4848,8855,9456,2580,5376,7078,3392,3979,3274,2973,2772,3239,3488,3132,2056,2417,1155,2055,1349,1785,0,824,1115,1637,941,1531,1046,630,540,1117,893,869,339,940,569,715,670,412,733,792,675,777,285,626,452,849,483,516,610,439,338,372,406,413,702,372,348,785,153,228,280,16,373,432,475,267,697,118,273,14,69,280,413,310,216,228,510,0,611,290,213,0,222,453,173,210,397,481,233,167,151,178,216,183,165,165,83,115,122,128,104,131,0,131,87,136,109,57,178,60,102,99,316,54,89,156,174,273,125,93,133,98,0,127,138,94,112,179,44,0,79,60,94,0,87,89,67,65,170,73,73,85,95,105,14,103,94,87,92,85,104,38,77,11,96,102,49,125,108,97,114,92,0,38,102,2,89,55,187,87,176,117,70,10,71,97,63,6,86,103,70,21,7,10,90,90,88,57,39,18,70,36,96,39,0,65,0,98,58,51,52,106,62,79,67,162,91,53,78,61,133,52,50,7,17,82,0,17,66,46,122,46,49,75,36,27,40,0,69,2,0,49,54,10,60,32,49,26,10,47,21,53,63,27,49,73,36,28,36,35,16,57,31,48,31,0,0,42,50,23,50,29,3,33,39,30,28,29,25,70,39,2,19,28,53,28,60,22,26,0,25,20,45,96,41,35,24,49,21,33,21,44,32,0,14,22,19,0,32,33,25,9,17,0,55,14,22,15,0,9,0,22,9,10,72,12,18,64,28,18,60,30,11,18,0,92,21,11,4,0,30,0,28,29,11,2,19,34,27,0,23,0,8,27,2,16,22,0,8,9,14,11,9,10,15,9,31,1,0,0,25,25,16,0,0,21,17,16,20,22,19,28,6,0,8,21,16,11,18,35,24,0,22,22,19,0,22,18,0,27,14,16,28,0,5,12,20,9,28,18,3,2,0,15,20,15,24,14,14,32,22,15,12,0,19,4,19,1,5,2,15,12,27,23,18,0,20,13,7,11,32,26,14,0,16,25,14,12,18,0,13,24,17,20,18,0,0,13,0,21,15,13,16,10,9,13,1,0,17,22,5,21,6,17,19,2,0,5,26,4,2,12,15,10,4,0,0,18,12,15,18,14,8,17,24,9,16,39,8,16,15,15,6,16,25,0,31,0,13,12,0,0,12,20,16,21,9,21,0,11,0,0,0,13,7,1,6,8,0,54,11,11,0,0,0,13,7,16,10,0,9,7,25,9,31,22,0,18,21,11,13,6,0,0,3,10,12,1,0,10,35,13,0,0,14,0,9,4,0,3,9,0,30,10,8,13,0,14,4,20,0,18,15,1,12,12,13,14,0,9,1,43,15,0,14,8,7,16,13,12,11,8,21,16,10,9,14,26,0,1,10,9,22,0,8,12,13,8,8,5,9,4,7,0,11,14,1,0,0,19,0,0,10,8,1,3,1,14,6,26,48,47,12,3,3,7,12,4,11,5,7,2,9,7,4,0,9,11,4,12,3,5,0,8,0,13,5,3,8,0,14,1,7,8,5,0,0,13,0,0,9,7,28,4,10,6,3,4,4,4,1,0,6,3,7,6,3,0,9,1,1,7,0,0,8,10,7,0,6,6,11,0,4,5,2,5,6,16,7,37,0,4,12,0,0,17,6,9,3,0,10,8,11,11,5,4,0,0,3,14,5,0,5,0,3,10,5,9,7,2,4,7,0,0,5,2,11,4,5,0,0,18,1,14,0,18,4,6,2,0,0,8,7,5,0,0,8,0,5,4,5,2,0,0,9,7,3,0,5,7,4,5,3,2,0,3,0,4,0,1,0,0,3,0,0,5,4,0,3,11,0,0,1,0,4,10,8,3,4,0,0,1,0,6,2,6,6,0,2,8,0,0,3,1,0,8,6,0,0,3,10,3,9,4,0,6,5,0,0,2,6,35,0,3,9,9,0,7,2,1,2,2,5,0,0,4,4,0,0,4,4,0,9,10,0,0,7,1,2,6,5,4,0,6,6,8,9,0,2,2,1,2,2,6,4,0,0,1,28,0,1,1,6,11,0,1,6,2,0,4,2,3,4,1,0,1,5,4,1,0,0,0,0,5
2009,141480,132285,107299,63864,49618,37764,35884,26334,16849,15655,12648,10875,7087,10140,10355,4865,7378,8947,3086,4700,6568,3971,3882,2317,3179,2828,3160,3533,2719,2275,2453,1392,2084,1471,1711,57,925,1202,1133,1177,1599,1025,703,600,1101,868,918,453,863,675,726,623,531,738,618,521,795,328,702,490,788,647,566,590,415,432,354,465,348,443,429,332,321,201,329,258,46,284,359,453,288,182,157,287,165,144,328,418,308,277,181,342,0,483,235,240,0,218,779,162,202,313,216,184,194,141,180,212,200,181,116,86,142,112,110,157,136,0,80,77,134,94,111,150,82,173,85,64,92,100,131,148,201,139,92,122,107,56,120,94,109,93,167,48,0,110,88,114,0,98,83,80,63,75,71,64,79,80,95,124,79,89,88,86,105,103,41,65,30,88,86,57,72,97,99,100,111,0,45,71,17,48,43,203,96,83,69,50,9,83,93,71,11,61,91,38,51,10,17,56,59,81,89,53,29,75,48,75,31,1,71,1,60,52,23,30,44,83,62,82,54,55,58,59,63,93,55,51,12,27,60,0,39,73,73,95,52,50,43,24,19,35,0,49,0,0,33,40,17,42,15,57,30,29,31,26,50,51,39,48,37,42,28,39,22,30,35,26,41,56,0,0,53,30,37,20,38,2,28,36,44,30,38,38,80,34,9,19,25,27,29,48,34,19,0,34,18,7,12,57,43,28,22,27,30,19,28,39,0,17,15,38,0,48,30,21,18,32,0,36,12,23,20,0,7,0,33,15,27,46,7,25,52,30,28,17,15,18,31,0,4,53,91,2,3,17,1,35,21,10,4,18,30,29,0,14,0,30,24,2,15,23,0,8,6,19,19,26,17,19,35,24,1,0,0,24,14,16,0,0,17,18,15,20,17,39,20,4,0,5,33,19,31,13,15,17,0,27,22,34,0,14,11,0,20,12,20,19,2,12,17,26,2,20,27,6,8,0,29,28,18,18,22,18,20,16,12,20,0,16,3,13,15,5,10,14,12,16,29,21,0,20,17,11,18,31,17,9,0,23,23,14,25,14,0,10,22,14,8,17,0,0,19,2,21,9,17,8,19,16,19,13,0,12,13,12,17,10,13,12,16,0,8,15,7,4,21,18,14,4,0,0,11,14,14,18,23,18,13,12,9,22,24,7,7,20,10,4,31,19,1,20,0,21,6,0,0,15,13,20,10,9,27,0,18,0,0,0,8,16,3,7,5,0,4,20,11,0,0,0,6,10,9,5,0,7,12,14,13,26,13,0,11,8,14,14,9,0,0,1,15,6,6,0,5,8,19,0,10,14,0,8,2,0,3,10,0,6,15,13,5,0,13,14,27,11,14,11,9,11,11,6,10,0,13,1,13,14,0,11,2,7,14,6,7,12,7,9,8,3,13,7,28,0,2,11,12,3,0,12,12,11,8,19,4,8,16,6,0,15,13,2,0,0,3,0,2,8,8,9,6,0,8,2,7,6,1,4,5,10,2,5,4,9,4,8,8,2,13,7,0,13,8,1,7,0,5,6,0,0,10,9,3,8,0,11,1,5,6,3,0,0,7,0,0,8,4,3,1,9,5,7,7,2,4,8,0,6,0,6,6,9,2,2,3,1,8,0,0,5,3,11,4,10,4,4,0,11,6,9,5,5,4,4,3,1,9,5,0,0,9,11,5,8,0,8,9,10,4,5,9,0,0,5,10,6,0,5,0,11,8,8,10,12,4,3,4,0,0,7,4,15,4,4,0,4,8,2,5,0,8,4,1,5,1,0,13,8,1,0,0,5,0,6,5,3,3,0,0,9,7,5,0,2,7,3,6,2,0,0,3,0,3,0,1,0,0,10,0,0,6,8,0,5,10,0,0,1,0,3,2,5,5,3,0,0,4,0,4,3,7,7,0,2,1,0,0,6,1,0,9,10,0,2,3,4,3,1,6,0,1,8,0,0,9,5,0,0,1,9,5,0,4,11,7,4,9,1,0,0,1,6,0,0,6,5,0,2,6,0,1,5,3,1,5,10,8,0,9,5,5,5,2,1,4,9,6,9,3,1,0,0,4,1,0,5,9,5,8,0,0,5,1,0,8,1,6,7,1,0,3,3,6,0,0,0,0,0,1
2010,142681,132096,103321,63063,49813,39712,36415,26929,18174,15840,12613,12126,7725,10285,10295,5232,6797,7803,3716,4306,5537,4174,3783,2879,3453,3110,2837,3419,2694,2616,2435,1408,2053,1428,1639,337,913,1139,1380,1233,1397,1086,715,714,1134,936,858,637,726,679,712,657,595,713,656,586,830,427,678,435,716,609,555,570,460,463,447,428,418,414,397,407,348,256,315,273,148,300,289,345,337,189,191,288,284,233,302,315,277,283,192,270,0,337,282,216,3,203,458,160,263,277,232,228,222,197,191,169,164,186,176,98,144,161,128,137,139,19,116,83,125,96,76,162,115,151,112,119,111,127,132,177,176,98,118,129,90,102,138,125,98,106,110,64,0,114,95,86,0,93,94,77,77,85,85,86,115,75,113,51,88,87,89,75,101,96,66,68,45,89,78,69,79,95,93,100,96,12,73,66,45,59,45,142,112,77,83,62,27,72,73,69,24,64,84,47,85,5,35,32,52,50,69,69,39,59,68,65,55,28,59,2,50,38,33,52,51,57,68,53,59,58,56,54,35,42,60,66,31,55,62,0,31,51,62,76,65,44,45,44,31,47,0,59,0,25,45,44,30,58,30,53,32,41,20,41,45,47,48,61,48,80,55,36,22,40,33,45,35,50,0,0,39,47,37,33,40,15,28,45,30,28,42,29,23,39,30,22,21,44,22,32,56,35,0,24,23,15,26,26,35,48,26,35,87,28,29,38,6,13,27,36,14,33,27,20,23,26,6,31,15,28,14,0,8,24,23,30,34,23,14,25,30,39,21,30,26,28,24,23,14,39,8,11,0,31,22,30,30,8,6,9,14,37,0,15,9,24,25,35,17,21,0,18,18,26,23,23,21,22,30,26,14,1,1,23,20,28,0,0,23,20,14,36,15,17,16,22,29,4,14,26,24,25,18,14,12,29,17,23,0,28,13,10,24,10,27,23,8,13,17,16,8,21,17,15,22,21,21,20,14,19,23,23,19,22,13,20,3,19,12,24,3,8,14,17,8,18,25,17,0,21,9,12,21,20,20,14,6,20,12,22,23,12,8,19,16,25,14,13,11,5,19,2,19,24,22,16,13,24,19,17,4,24,13,25,15,11,18,15,14,4,13,10,11,5,7,16,10,4,2,3,13,12,10,13,10,4,21,11,4,6,20,9,14,16,11,4,18,14,2,19,14,12,11,12,0,19,21,15,15,12,34,2,16,0,8,0,9,16,4,6,4,10,12,8,9,0,0,0,10,17,13,12,20,11,6,24,14,17,10,2,7,7,13,7,11,0,0,3,12,10,17,0,16,16,11,0,13,12,0,7,8,3,8,12,0,18,11,8,8,5,10,12,15,8,10,13,8,13,4,14,9,5,15,11,6,10,0,4,3,10,8,6,10,12,7,4,11,7,15,5,21,2,3,7,12,4,0,17,11,2,6,15,1,5,29,13,6,7,8,1,2,1,14,6,0,14,6,2,12,7,7,10,6,5,2,6,3,10,4,5,4,15,14,14,5,8,8,2,5,10,10,1,5,2,5,2,9,4,8,10,13,5,0,9,0,8,3,12,0,5,8,0,0,9,3,7,8,6,5,2,6,10,2,5,0,5,6,5,11,3,5,7,5,0,13,2,12,6,3,4,9,10,10,9,0,10,8,6,7,6,6,6,3,0,5,12,0,0,9,8,7,5,0,10,10,6,8,6,6,0,0,4,10,4,0,5,0,5,4,8,8,7,7,26,5,0,0,6,4,7,4,13,0,5,2,3,5,0,8,6,4,3,3,0,7,9,2,1,0,5,11,3,11,7,0,0,0,7,5,3,1,8,1,9,13,5,2,0,12,3,13,4,3,2,5,7,0,2,12,5,0,4,2,0,3,5,5,4,2,10,5,3,2,5,10,0,8,4,9,9,0,2,7,1,0,7,0,6,5,2,0,4,3,8,9,3,5,3,2,5,4,6,3,4,3,2,4,7,4,0,0,4,5,4,4,5,2,1,7,8,1,0,7,3,0,2,6,0,1,6,1,2,5,1,3,2,4,7,8,3,2,1,5,9,4,6,3,7,0,0,3,3,0,3,0,6,5,0,1,8,2,1,5,4,4,5,0,0,2,9,3,1,0,0,1,7,8
2011,138688,127191,96812,60257,51008,40777,38365,26346,18724,16851,13184,13451,9522,10662,10006,5752,6004,6873,4248,4407,4889,4146,3655,2858,3643,3423,3140,3237,2614,2532,2420,1639,2001,1370,1531,903,1167,1342,1293,1253,1231,1057,781,776,981,963,906,824,774,854,697,813,664,768,655,627,693,467,633,476,612,598,515,476,481,461,502,420,499,470,440,394,298,319,320,356,196,466,305,353,299,203,216,223,334,297,293,257,283,226,209,224,115,245,279,190,56,242,94,158,255,221,179,167,196,215,211,149,157,152,173,123,157,141,145,193,116,76,149,153,130,101,98,135,103,86,99,72,111,115,110,96,107,108,123,105,103,152,95,80,113,108,94,119,25,96,89,102,0,89,69,103,92,85,97,101,89,86,73,86,70,68,92,103,84,108,96,83,71,97,86,78,57,67,85,71,61,22,64,101,80,63,96,69,99,78,86,109,33,83,70,67,40,69,55,114,74,25,36,82,89,58,60,59,36,49,63,43,41,25,61,17,37,29,56,54,89,54,55,43,48,41,46,48,68,59,60,51,40,58,64,0,39,48,64,63,37,45,51,71,218,45,5,80,0,55,51,42,37,39,39,39,18,46,17,31,48,37,36,56,29,53,39,46,37,27,37,34,31,44,0,0,37,41,35,47,23,10,42,41,27,35,29,47,24,40,31,24,31,29,30,35,35,41,4,27,27,21,15,25,47,30,35,33,113,21,35,25,23,18,35,19,13,28,26,24,27,25,9,27,26,22,176,1,13,46,25,30,38,19,148,27,28,25,29,22,53,21,25,29,13,13,10,9,13,16,37,33,20,11,12,21,9,20,0,15,22,22,21,45,27,21,0,15,21,25,24,22,35,20,27,15,42,16,3,22,30,15,6,0,18,21,26,19,20,31,24,16,36,19,16,20,25,26,12,25,20,20,20,29,0,19,15,19,21,39,24,33,17,12,16,28,11,22,20,19,11,30,18,17,11,23,14,17,20,26,22,19,10,14,11,26,7,2,12,21,14,16,23,17,4,18,17,19,22,19,19,16,17,15,10,10,18,13,13,17,15,12,10,19,27,21,22,6,17,4,34,16,10,9,17,10,6,16,24,16,19,15,14,14,14,26,21,16,21,8,22,20,10,10,13,13,11,20,18,10,8,14,17,12,11,18,14,14,14,11,23,3,6,12,10,7,20,21,17,15,1,14,3,16,10,19,10,7,12,0,9,0,10,12,9,12,12,19,15,2,7,4,11,0,11,9,11,9,35,15,13,22,13,2,10,1,11,7,9,12,13,1,4,6,13,16,11,0,19,8,10,0,25,8,0,9,3,9,10,9,0,8,7,11,4,12,12,8,8,11,8,7,7,11,6,8,12,10,12,13,6,10,4,10,5,8,7,7,7,8,13,11,10,6,5,14,16,3,3,5,4,7,0,4,10,6,10,13,3,7,20,14,11,9,12,6,5,7,11,15,3,6,5,6,10,9,6,10,8,3,6,5,7,11,19,7,8,7,11,9,8,4,9,0,15,9,8,78,10,8,2,13,2,6,7,14,6,4,0,6,2,11,4,5,4,13,5,0,0,7,10,10,4,5,9,8,5,6,6,7,2,4,15,11,11,6,7,9,4,4,3,0,0,9,2,9,6,9,11,6,4,7,3,9,5,13,3,8,3,9,9,5,0,0,3,5,2,7,0,1,7,9,9,6,6,0,10,2,4,6,0,6,0,3,6,7,10,6,5,2,9,2,1,3,8,5,16,10,0,5,5,2,5,0,0,5,7,7,2,0,6,4,6,3,1,2,4,3,5,4,1,5,0,7,5,6,2,11,11,6,5,7,6,5,2,6,5,5,5,1,3,5,0,10,7,4,0,5,6,0,3,7,8,3,9,2,3,2,10,5,12,0,4,5,3,3,0,27,4,1,2,8,7,4,1,9,0,2,5,7,6,9,6,3,4,5,4,6,4,6,3,5,4,5,3,0,3,5,2,4,7,17,1,9,4,3,9,0,7,2,0,5,2,0,5,4,1,9,8,5,9,4,2,5,6,15,3,5,7,16,4,7,4,11,0,0,5,2,0,0,2,2,5,0,35,1,10,2,2,8,5,6,1,1,6,3,2,0,1,0,0,6,4
2012,149414,130210,96259,61906,57348,44738,41799,28703,20827,18327,14763,14568,11238,10841,11127,6564,5695,5810,4551,4916,4449,4475,3986,3106,3846,3950,3464,3492,2809,2647,2488,1935,1971,1641,1599,1897,1377,1343,1314,1391,1205,1117,960,989,953,857,1004,1118,744,922,746,758,744,776,744,748,713,489,696,556,537,667,564,479,516,489,598,464,470,416,443,493,437,476,320,389,369,454,355,297,312,290,307,217,411,360,252,217,248,240,266,160,283,130,232,256,194,237,75,236,269,180,158,212,190,210,185,173,161,164,175,173,140,156,173,206,161,113,205,327,133,159,98,108,137,140,137,106,127,124,141,106,94,104,126,127,95,187,91,81,115,110,124,127,49,90,103,88,111,108,99,92,105,103,104,112,102,106,106,86,76,100,98,105,75,88,96,106,98,95,88,82,89,94,74,75,73,56,84,75,203,88,137,38,81,34,55,70,65,53,69,64,58,87,84,124,77,35,111,50,51,73,70,65,44,56,76,66,69,67,62,43,35,53,42,60,60,40,44,61,42,50,49,65,53,37,47,56,51,59,59,2,62,50,49,33,45,51,50,47,53,51,26,39,13,51,57,48,53,57,44,45,35,57,42,47,45,42,44,41,42,14,52,64,68,43,58,43,21,30,83,5,27,31,50,34,30,32,34,39,41,42,30,32,25,39,33,43,32,30,35,39,57,22,3,33,33,167,147,17,34,31,27,36,19,36,22,24,38,21,32,28,30,28,24,42,30,41,20,29,34,28,25,4,25,41,30,39,26,23,9,21,29,17,28,30,38,25,34,30,45,22,23,20,2,19,36,23,25,11,26,39,33,24,37,26,29,23,31,47,23,38,0,23,45,34,21,29,25,35,25,26,21,18,17,25,23,22,19,2,29,29,22,26,26,20,23,67,25,10,21,20,24,27,23,25,23,15,18,46,0,19,16,20,20,39,26,22,37,23,13,13,21,17,15,22,21,35,18,23,19,15,20,22,22,23,57,16,18,19,26,15,27,12,18,12,24,30,20,18,25,18,26,14,23,14,41,49,27,8,10,12,12,17,18,18,26,19,20,26,27,18,17,14,11,11,24,24,14,19,20,15,14,22,17,23,17,11,16,14,14,25,24,14,19,9,20,15,15,8,13,6,20,17,23,12,11,16,17,14,11,13,12,13,11,17,15,8,7,8,8,10,6,11,15,22,0,17,14,21,12,3,10,0,4,10,19,0,19,15,12,16,14,13,7,7,11,11,14,0,12,14,11,15,27,4,8,12,15,3,11,3,12,7,9,8,16,12,15,11,11,16,18,0,10,8,4,0,19,17,0,11,10,13,9,7,0,7,12,9,41,18,11,17,5,22,8,9,11,13,14,11,17,24,8,25,5,10,8,8,13,8,6,15,10,6,5,15,7,8,5,14,12,4,10,12,9,15,0,10,12,13,6,11,8,6,2,12,12,12,5,11,11,12,10,14,4,8,5,14,6,7,10,11,7,2,2,6,8,10,5,8,14,12,6,7,4,8,7,0,13,7,15,3,6,7,7,5,9,12,3,13,5,6,2,10,1,11,5,9,4,13,6,1,0,10,8,6,18,3,9,15,8,10,8,2,6,8,14,6,8,10,5,5,0,8,5,1,8,8,9,10,10,11,12,3,9,6,12,10,4,8,9,9,5,4,10,5,17,1,3,4,6,2,0,9,6,7,8,4,8,0,15,4,1,10,0,5,0,4,8,11,7,7,4,1,8,3,3,10,5,7,4,6,0,15,3,8,8,0,1,6,4,5,8,0,3,8,11,7,4,7,13,13,4,5,0,6,0,7,5,9,11,5,9,5,2,14,8,3,8,1,5,11,10,8,4,2,0,11,6,7,0,6,6,0,0,9,6,2,14,3,9,0,10,9,5,0,7,6,8,8,0,2,7,0,6,4,8,2,6,4,0,1,4,1,6,3,5,1,11,6,6,6,10,5,1,8,1,5,4,0,11,6,4,6,6,14,2,4,7,6,7,0,4,6,5,3,3,1,4,9,1,7,8,5,5,11,4,2,3,5,3,5,1,0,4,7,4,1,0,1,7,0,0,1,0,0,5,5,2,2,2,3,1,9,10,6,7,1,2,10,3,5,2,2,1,3,3
2013,152174,126827,92666,63176,59074,47452,45698,29644,21722,18838,15136,16110,13398,12089,11927,7019,5181,4536,5135,4487,3951,4713,4176,3691,4276,3936,3693,3531,2743,2673,2352,2258,2180,1666,1497,2408,1529,1499,1336,1516,1053,1116,969,1067,927,946,942,1146,823,1008,863,793,869,763,813,762,607,606,663,670,517,605,494,486,537,492,621,488,464,384,516,498,451,510,399,453,426,327,349,266,303,316,404,205,410,349,272,199,208,239,273,133,370,85,174,262,328,247,60,286,248,178,200,218,206,192,208,178,175,188,198,215,177,172,196,187,169,192,183,120,158,119,128,96,145,89,164,132,121,138,103,102,60,126,110,137,128,185,105,104,141,107,97,183,78,104,107,99,352,105,100,123,122,119,96,112,92,111,99,47,74,87,76,80,97,94,113,88,119,76,74,100,96,78,73,74,49,81,79,88,112,95,71,0,66,76,61,49,84,76,77,81,67,79,57,106,72,75,121,64,74,48,66,88,61,60,76,52,79,85,55,105,29,78,21,72,45,59,62,50,50,43,60,62,50,18,62,59,69,68,47,46,84,49,44,27,61,56,44,58,31,43,36,36,132,61,37,67,71,55,40,65,43,53,50,62,41,29,45,48,34,21,50,34,34,32,24,40,20,35,100,18,25,38,40,35,36,30,35,39,41,44,43,42,21,34,36,34,44,28,42,30,26,31,11,35,47,19,13,13,30,29,48,31,22,44,35,26,39,23,42,42,23,28,29,35,33,33,26,21,34,35,12,31,29,55,35,33,31,25,6,33,17,25,24,39,36,29,23,43,12,26,35,28,4,28,48,23,32,10,34,32,11,36,55,25,23,24,27,28,28,31,27,28,26,30,26,28,38,26,19,29,17,22,21,17,24,31,31,24,17,20,24,19,14,14,21,21,33,40,22,25,13,23,24,23,56,17,22,24,3,6,16,21,20,18,26,23,33,22,31,24,29,23,27,12,21,30,17,14,17,16,30,20,23,16,27,19,28,19,34,23,30,16,27,8,25,18,21,16,37,16,24,25,21,8,8,8,29,16,16,23,14,18,24,16,15,24,15,18,26,31,9,19,11,32,17,12,19,12,20,21,19,11,22,14,13,30,18,18,27,20,18,14,14,14,7,16,12,11,14,19,24,15,16,14,8,16,15,13,26,17,9,17,21,17,21,11,10,14,16,10,15,6,15,27,9,11,21,19,17,12,10,12,17,15,24,5,13,9,18,13,17,15,19,9,16,17,14,115,10,8,11,11,18,13,20,5,12,10,12,12,11,10,13,13,9,24,14,20,16,14,15,7,16,10,13,0,13,12,3,5,12,20,14,12,0,5,10,11,7,14,7,10,5,16,12,11,6,10,14,13,14,21,6,23,7,8,16,7,8,12,11,8,11,9,11,8,6,11,11,6,5,14,13,7,11,8,0,10,6,8,17,10,8,14,2,10,15,5,8,12,10,17,6,8,4,8,13,9,9,4,9,2,4,6,7,10,12,8,5,6,11,8,7,8,6,8,11,10,8,2,13,3,9,10,8,11,8,16,7,7,11,7,9,6,82,7,4,5,15,10,13,3,0,14,9,20,14,7,8,12,9,13,3,8,19,11,12,5,10,10,9,10,0,8,7,9,9,7,8,4,7,3,7,7,11,7,13,9,10,9,4,14,6,13,5,11,12,3,9,8,13,4,11,8,4,0,5,9,6,0,6,9,8,6,2,12,6,8,8,4,6,5,6,4,7,7,9,3,11,3,5,8,1,16,3,7,6,0,8,4,8,5,5,3,2,6,7,11,10,6,11,2,8,5,1,10,0,10,4,6,9,8,6,7,2,10,10,7,4,8,10,5,11,7,2,4,0,10,3,6,0,8,3,0,20,9,7,6,8,6,5,2,8,12,5,0,4,6,2,5,0,4,4,2,9,4,6,10,1,3,0,6,9,2,8,5,4,3,1,7,2,9,7,6,2,10,11,3,4,4,2,4,6,5,5,4,8,4,6,5,1,1,8,7,0,5,4,13,7,3,6,8,3,2,3,7,7,3,1,2,6,4,8,0,7,5,2,4,4,7,6,1,0,1,1,9,0,1,2,5,3,7,6,11,6,3,10,7,5,2,4,8,4,4,0,2,4
2014,151433,120790,83896,60162,58298,50164,46384,30335,22536,18885,16048,15784,16128,12742,11811,8119,4940,3346,5552,4707,3199,5102,4363,4470,4511,4069,3963,3458,2836,2929,1987,2612,1959,1753,1388,2521,1629,1597,1290,1424,886,1222,1203,1223,823,959,991,1307,973,1011,943,845,882,675,726,851,665,826,641,749,454,607,572,487,566,585,555,443,526,312,519,478,416,572,449,416,419,302,365,253,341,231,403,444,349,371,174,188,244,244,315,121,382,85,227,230,426,224,60,236,214,129,134,224,220,186,191,164,176,168,163,225,182,169,182,190,158,229,149,138,137,155,248,105,161,188,158,108,152,122,118,64,62,115,147,108,151,145,84,83,122,116,70,135,140,120,115,112,133,118,131,134,129,97,118,100,88,103,116,168,87,78,97,86,103,61,122,104,156,73,75,100,74,65,81,75,72,106,110,55,101,78,117,0,65,90,71,51,114,74,60,84,124,75,54,66,90,103,127,74,82,67,60,89,92,38,92,50,88,94,64,118,47,73,55,79,45,59,52,58,49,55,52,47,50,18,56,69,90,86,46,84,72,45,65,9,63,42,40,60,39,55,58,27,59,63,48,55,53,39,57,40,81,63,57,46,45,45,43,36,37,38,39,56,42,40,33,56,93,36,78,54,30,43,46,33,30,54,38,31,41,41,31,38,26,29,33,54,37,37,36,23,30,36,38,46,46,14,30,24,34,40,49,39,11,43,32,39,42,33,33,36,50,35,31,44,35,36,47,10,39,43,29,48,52,45,37,45,40,22,26,32,19,23,41,24,21,47,22,50,16,33,36,47,15,19,44,27,26,7,39,26,100,22,43,36,41,26,34,38,44,24,18,33,38,30,26,24,16,23,29,26,35,33,38,33,24,26,41,30,21,34,15,17,22,23,21,25,31,23,21,20,26,24,22,17,27,25,22,23,15,25,49,34,19,21,17,15,31,29,22,20,38,17,24,27,32,28,18,19,20,23,21,14,10,20,15,24,35,22,38,16,34,33,25,23,21,5,10,11,35,18,19,16,18,11,12,22,27,21,8,18,21,21,25,16,8,22,20,12,20,34,15,20,13,30,15,18,20,17,13,22,9,13,11,13,19,15,21,19,23,24,21,17,28,28,15,16,17,35,28,13,12,16,12,15,18,19,14,10,18,11,6,16,19,17,10,26,7,6,12,16,25,14,17,15,13,10,10,7,15,28,7,41,20,26,25,15,12,11,19,15,24,18,8,16,26,33,31,14,15,11,12,23,17,11,8,11,16,1,7,14,9,31,9,9,16,19,17,13,13,9,15,16,6,4,15,0,10,7,6,9,15,21,13,12,1,13,11,17,4,20,8,11,4,8,9,10,13,10,9,11,12,19,10,17,5,7,20,5,10,10,9,10,9,9,10,5,8,8,11,4,0,11,8,9,7,6,2,6,10,11,14,9,19,11,6,9,19,10,10,8,21,20,16,14,7,12,13,18,17,11,10,10,8,10,8,21,8,9,6,11,7,7,12,8,13,14,8,5,14,6,2,1,9,19,9,11,11,10,9,3,9,19,14,1,0,6,4,7,11,10,11,6,0,5,13,3,9,8,8,6,8,9,21,7,15,6,7,11,4,7,13,4,0,18,7,14,2,8,5,13,9,8,3,9,12,16,8,10,9,9,5,7,3,15,11,5,20,4,4,10,8,7,13,8,6,7,6,4,6,11,9,5,5,6,7,13,28,7,6,7,1,3,5,2,3,12,11,4,5,4,4,4,3,8,4,17,7,0,3,13,9,13,14,7,5,2,5,10,11,7,4,6,7,5,5,9,0,3,5,12,4,4,5,2,7,7,9,15,6,16,5,8,12,11,14,8,0,11,3,9,4,6,3,1,12,6,8,12,4,9,7,3,9,8,7,1,7,8,6,2,3,2,3,10,8,5,5,12,6,6,7,7,5,5,1,5,8,10,4,5,8,10,6,3,4,5,12,3,5,9,6,5,6,9,8,1,13,9,6,2,8,0,4,5,3,2,3,7,12,3,14,7,5,7,1,6,5,4,6,4,9,5,4,0,6,0,4,5,2,11,4,2,0,2,2,1,5,4,2,4,4,6,6,1,5,2,8,6,5,6,7,5,8,11,4,10,3
2015,155452,120321,83935,61958,62722,55831,48920,33049,23934,19724,17845,16335,18472,14063,12360,9510,4616,2628,7010,4888,2667,5600,4538,5514,4639,4446,4334,3521,2973,3337,1865,2681,2120,1834,1459,2887,2042,1751,1336,1598,873,1248,1387,1293,796,1099,1005,1343,945,1044,1003,921,1136,681,782,859,610,1180,617,780,435,669,531,426,473,516,588,511,539,331,486,544,324,506,478,435,517,255,295,224,349,216,458,303,383,394,231,171,301,289,297,129,545,41,157,237,461,222,51,289,224,95,155,175,225,271,225,142,182,176,187,252,219,223,166,184,164,295,150,142,161,164,252,107,217,140,149,108,209,138,123,91,41,153,155,103,139,136,98,111,117,119,51,141,245,130,134,115,138,101,111,110,123,91,130,115,121,112,103,261,98,91,104,91,95,65,125,113,134,75,94,101,95,64,73,72,82,158,129,68,94,74,78,0,70,53,66,77,137,85,66,83,144,84,29,58,64,186,124,103,53,64,56,75,114,60,75,39,66,104,59,140,91,85,128,71,46,47,35,51,30,60,63,63,58,21,62,51,84,76,56,116,75,53,40,5,72,55,28,44,50,70,108,21,58,81,47,59,76,46,82,42,58,66,52,57,39,51,63,33,37,19,41,43,51,70,35,34,52,28,65,124,46,32,42,37,45,69,61,42,24,50,35,34,26,41,50,63,57,38,47,21,40,46,79,45,51,20,5,15,29,32,30,30,13,49,24,34,63,37,39,34,53,24,36,37,38,44,62,22,49,31,7,73,66,40,34,54,36,31,28,28,22,20,46,27,21,40,25,33,23,20,35,53,58,35,40,27,28,9,41,27,7,35,49,39,45,42,15,31,32,24,47,30,25,29,35,23,20,33,19,18,32,36,37,25,21,27,51,62,26,26,21,15,24,17,17,15,33,65,23,16,20,27,12,19,29,16,16,8,22,30,29,30,20,15,9,21,29,35,44,12,31,21,35,28,35,23,13,20,29,17,18,20,8,20,11,24,38,22,24,17,33,40,37,22,43,7,12,24,37,16,24,25,17,9,11,8,27,19,14,27,19,17,30,28,15,29,16,21,25,20,17,32,17,15,14,14,17,18,9,20,46,15,10,25,11,20,13,13,23,24,21,11,20,35,16,13,16,25,38,29,15,14,13,20,14,19,14,14,20,12,1,19,12,15,12,25,14,8,25,5,18,16,8,19,24,8,9,12,16,10,7,13,10,24,15,24,18,16,19,17,11,18,3,23,12,20,18,3,10,10,8,11,7,11,12,6,13,1,9,18,15,20,10,13,16,25,28,21,11,11,11,35,11,6,11,10,13,7,25,19,20,23,17,17,27,6,8,9,9,14,16,16,1,20,4,12,15,8,15,8,5,20,12,8,5,9,25,14,9,10,13,4,13,13,18,9,7,17,9,8,0,19,21,8,10,8,12,8,14,11,11,6,25,11,7,11,16,13,7,16,19,16,8,18,23,6,9,9,12,20,4,13,3,2,11,6,20,5,10,11,7,6,13,12,20,14,4,16,12,8,7,2,11,15,14,9,15,18,6,9,6,13,24,6,0,7,5,8,19,13,5,14,10,2,9,6,6,10,9,4,10,8,24,15,14,13,9,9,6,12,14,7,10,16,5,16,19,6,8,8,13,4,4,5,12,9,7,7,9,7,5,3,6,10,7,5,5,14,9,6,3,14,16,6,4,5,11,11,8,26,15,10,6,9,18,6,19,8,8,5,6,6,11,22,11,9,17,7,6,3,3,6,7,5,2,9,3,25,6,10,8,5,10,14,5,4,7,10,10,9,6,8,5,9,14,14,5,7,9,5,13,7,3,6,4,3,9,7,5,8,6,16,7,9,9,4,1,6,7,6,30,6,3,12,13,7,10,8,3,4,4,7,4,10,5,12,5,6,5,4,10,3,7,14,8,3,7,12,3,6,23,13,9,5,0,5,6,2,6,4,8,7,4,6,0,8,6,3,2,15,2,4,10,6,4,2,10,14,6,1,9,1,3,6,3,3,1,16,10,1,8,5,1,4,5,11,4,6,6,0,8,8,5,2,4,4,6,7,9,7,5,1,9,3,9,6,5,15,3,2,8,4,2,3,2,2,6,10,4,0,4,6,9,6,10,9,6
2016,157602,114511,82060,62206,65051,57376,55699,33342,23512,20488,18494,17393,21476,14488,12678,10391,4575,1938,8207,5721,2289,5992,5104,6321,4754,5018,4600,3807,3064,3463,1609,2874,1976,2097,1494,2996,2143,1883,1415,1372,810,1307,1554,1601,765,1088,965,1349,1150,1111,1176,1003,1206,732,811,895,580,1394,630,932,426,712,615,505,589,551,560,567,414,380,498,568,405,478,547,440,777,303,284,191,309,356,451,252,352,397,207,147,276,300,329,97,568,45,198,246,528,218,63,274,170,63,177,197,197,222,205,192,190,189,175,291,277,203,214,166,220,319,159,124,149,222,161,114,196,106,161,154,192,188,120,94,29,118,155,119,155,127,94,144,113,126,53,120,290,114,127,100,174,122,112,131,136,127,117,143,111,115,93,57,107,117,105,98,80,78,110,98,163,92,79,99,99,73,67,62,74,200,126,46,121,56,90,0,57,52,74,76,153,71,47,87,168,72,36,41,49,181,93,99,65,75,50,72,144,63,74,51,85,123,75,135,77,89,43,62,47,60,74,54,43,53,65,58,75,24,59,70,95,65,41,161,85,43,44,2,48,65,75,47,30,60,126,28,119,104,60,36,76,40,75,50,63,79,81,85,40,45,57,32,47,22,35,40,60,67,47,52,55,45,58,100,42,42,46,56,56,93,55,41,38,47,34,34,26,40,76,52,61,46,63,16,29,50,99,45,57,36,7,34,27,41,35,30,6,42,29,31,58,71,43,37,83,24,28,54,48,35,72,22,52,35,15,99,65,41,40,42,40,20,25,42,12,35,44,26,17,51,40,57,15,16,25,46,84,35,35,23,33,83,61,42,15,24,49,35,43,29,15,21,27,25,85,52,32,30,33,37,39,22,26,18,44,59,58,14,21,33,49,68,26,30,38,18,23,17,17,32,31,40,18,22,23,23,30,22,28,29,25,9,75,31,20,52,13,20,20,16,44,31,16,12,31,14,9,43,39,28,23,19,16,18,17,18,16,13,22,25,35,26,27,16,31,32,29,30,16,14,11,19,25,14,19,32,18,12,14,17,29,13,44,18,14,19,38,31,7,10,16,14,24,22,15,51,11,14,13,25,25,14,18,28,46,14,17,15,12,19,12,16,21,30,13,13,21,31,19,5,23,30,24,40,20,17,13,15,21,17,7,10,21,18,2,25,20,10,19,34,12,16,36,8,30,11,21,22,48,15,10,6,11,23,15,16,14,32,30,56,21,18,23,32,15,25,3,16,14,29,20,3,15,22,18,19,6,22,32,5,10,0,17,33,19,10,21,13,10,18,24,29,14,13,12,26,10,10,12,42,10,8,29,32,20,17,13,9,44,9,13,15,2,22,7,10,1,11,7,9,18,13,9,15,10,10,12,8,12,13,22,11,23,11,6,12,12,11,10,13,6,20,9,10,0,31,15,13,13,15,28,9,5,9,8,7,15,11,9,5,9,12,8,20,14,15,7,15,34,10,15,13,10,19,9,12,3,7,8,11,16,12,16,6,15,6,13,6,12,8,11,19,19,4,1,0,7,11,15,21,15,6,10,6,9,10,21,7,0,7,16,9,15,10,14,25,23,6,7,2,3,15,10,10,14,14,4,18,12,14,10,7,6,6,10,6,18,11,8,25,22,10,4,3,13,4,5,14,14,7,3,6,15,8,4,4,3,11,5,4,19,18,5,7,11,12,24,8,4,5,7,9,9,21,11,13,2,12,20,6,19,10,2,6,6,8,12,4,9,17,14,7,8,4,9,11,26,5,9,11,6,29,6,4,6,11,14,19,12,4,15,13,19,6,13,9,8,7,13,13,19,2,8,7,14,7,7,15,8,7,11,9,8,12,10,10,8,7,9,4,12,3,4,7,16,9,9,24,0,5,10,9,5,5,5,15,5,5,5,19,5,8,3,3,19,1,5,15,11,4,11,5,9,3,6,10,6,3,3,6,3,12,6,1,16,7,3,6,3,9,8,2,5,18,7,3,7,3,2,0,9,9,6,6,8,8,5,8,20,5,5,7,5,5,9,4,2,4,3,5,5,5,1,1,9,4,8,2,6,1,5,8,18,14,6,4,14,4,5,5,0,11,1,3,7,11,8,7,1,1,5,11,6,5,4,9,12,11,13,3,6
2017,153446,106340,76018,60081,62657,60672,54920,32741,24319,20022,18872,18607,23948,16119,13084,9813,4023,1401,9656,5603,1817,5866,5306,6587,4325,5048,4437,3765,2782,3995,1392,3065,1557,2055,1454,2688,2492,1912,1407,1460,675,1313,1547,1778,686,1046,866,1426,1143,1050,1189,1149,1468,695,791,871,566,1440,597,905,391,667,583,393,570,575,415,556,440,272,485,515,332,595,596,468,889,287,288,174,328,360,466,256,359,397,310,101,252,266,337,105,494,58,196,244,509,239,61,274,186,95,121,208,209,206,213,166,142,188,166,245,225,191,201,135,181,394,142,125,159,212,101,111,202,59,165,146,193,202,111,83,16,139,166,100,144,138,115,88,103,112,59,132,337,107,186,105,217,117,134,127,158,93,140,132,99,101,79,104,141,97,97,85,83,75,147,103,138,71,83,152,63,75,70,74,69,262,114,61,88,140,74,0,61,40,55,72,185,77,50,84,150,70,40,69,145,143,100,89,57,49,73,63,117,61,60,42,98,162,59,117,76,67,162,83,58,56,42,51,38,60,78,63,53,8,50,55,133,100,30,182,66,38,49,5,51,59,35,83,35,71,184,20,148,92,52,44,83,43,80,37,87,48,59,58,39,32,65,35,35,90,44,50,42,66,33,53,35,32,55,137,36,34,45,59,64,110,43,23,40,33,48,45,32,33,97,50,40,50,40,14,26,56,153,47,45,21,8,22,32,26,32,52,6,47,33,38,90,98,46,37,83,17,39,32,65,36,103,26,63,54,15,84,57,44,39,31,41,36,41,53,17,31,34,22,19,37,23,40,57,9,1,58,116,21,30,28,20,122,60,32,4,13,47,47,65,45,26,24,28,23,90,43,42,24,28,19,30,28,26,13,49,70,80,21,29,36,48,59,31,20,29,20,24,21,34,17,18,8,19,33,13,14,34,16,39,20,14,15,117,25,32,45,30,22,23,8,26,37,4,19,41,19,9,42,26,23,14,17,30,15,19,28,11,16,10,25,43,21,25,24,25,52,31,29,13,13,11,27,39,14,16,28,17,17,9,15,33,14,10,23,17,28,34,6,13,0,32,21,25,30,10,32,13,6,6,15,16,17,11,23,30,15,8,19,11,26,16,10,16,17,19,15,23,31,14,5,33,35,35,44,15,18,12,10,14,10,13,18,26,16,1,19,11,12,13,34,10,13,44,1,25,15,12,19,56,14,9,8,10,15,6,58,9,41,17,47,17,18,33,15,28,23,11,14,12,26,31,4,16,18,11,9,7,25,10,7,11,1,11,49,16,8,10,16,21,30,26,20,7,10,15,41,9,8,14,72,10,10,58,6,23,14,21,9,48,5,10,8,2,14,11,10,2,10,5,9,26,9,14,10,9,6,6,6,3,10,18,14,20,10,11,7,6,8,14,5,10,18,9,7,0,24,28,15,5,11,65,14,5,10,8,1,12,14,7,7,14,4,7,25,20,14,2,11,24,9,14,18,6,21,4,16,2,5,6,8,13,9,9,10,16,3,10,10,14,9,12,21,9,8,2,1,8,19,20,15,11,19,11,10,15,9,21,3,4,6,15,12,21,15,1,39,54,5,12,2,9,7,13,17,8,8,6,10,17,7,8,11,4,7,15,10,41,14,8,15,10,7,27,5,10,6,9,5,19,3,6,12,9,8,13,8,5,16,12,7,5,38,4,7,6,11,13,4,5,6,4,16,8,18,9,19,8,8,27,8,1,11,6,7,4,8,13,2,7,22,16,6,13,3,9,2,34,8,7,8,4,16,6,7,6,12,13,27,4,7,7,14,14,9,7,9,7,9,27,11,43,4,6,11,13,5,9,6,4,8,9,20,7,11,1,6,5,19,18,6,51,11,2,4,13,3,8,26,11,6,9,11,4,5,7,15,13,6,6,28,5,8,6,1,27,1,6,16,14,12,12,7,4,5,21,11,6,6,3,9,4,22,7,4,8,5,4,5,1,8,0,3,8,9,7,1,4,6,2,3,9,4,5,8,10,43,1,6,22,8,2,8,6,4,7,3,4,6,4,6,3,6,6,3,6,9,6,0,7,4,8,2,17,10,4,8,27,20,2,5,3,13,1,7,8,14,3,2,3,1,8,12,10,1,5,11,11,13,18,7,2
